{
  "id": "lang-uk-dnd5e",
  "title": "Translation: Ukrainian [DnD 5e]",
  "description": "Неофіційний український переклад DnD 5e SRD для Foundry Virtual Tabletop. ",
  "authors": [
    {
      "name": "Pavuk_XD",
      "discord": "pavuk_xd",
      "url": "https://github.com/share-and-dont-care",
      "flags": {}
    },
    {
      "name": "GMonline",
      "discord": "VladDracula#9198",
      "url": "https://github.com/GMonlineua",
      "flags": {}
    }
  ],
  "version": "0.11.1",
  "compatibility": {
    "minimum": 10,
    "verified": 12,
    "maximum": 12
  },
  "url": "https://github.com/share-and-dont-care/Foundry-ua-dnd5e",
  "license": "https://github.com/share-and-dont-care/Foundry-ua-dnd5e/blob/master/LICENSE.md",
  "readme": "https://github.com/share-and-dont-care/Foundry-ua-dnd5e/blob/master/README.md",
  "manifest": "https://github.com/share-and-dont-care/Foundry-ua-dnd5e/releases/download/0.11.1/module.json",
  "download": "https://github.com/share-and-dont-care/Foundry-ua-dnd5e/releases/download/0.11.1/0.11.1.zip",
  "relationships": {
    "systems": [
      {
        "id": "dnd5e",
        "type": "system",
        "manifest": "https://raw.githubusercontent.com/foundryvtt/dnd5e/master/system.json",
        "compatibility": {
          "verified": "3.3.1"
        }
      }
    ]
  },
  "styles": [
    "styles/dnd-uk.css"
  ],
  "languages": [
    {
      "lang": "uk",
      "name": "Українська (Ukrainian)",
      "path": "lang/uk.json",
      "flags": {}
    }
  ],
  "packs": [
    {
      "name": "classes-srd-uk",
      "label": "Класи",
      "path": "packs/classes.db",
      "type": "Item",
      "private": false,
      "system": "dnd5e",
      "flags": {}
    },
    {
      "name": "class-features-srd-uk",
      "label": "Класові Вміння",
      "path": "packs/class-features.db",
      "type": "Item",
      "private": false,
      "system": "dnd5e",
      "flags": {}
    },
    {
      "name": "race-srd-uk",
      "label": "Раси",
      "path": "packs/races.db",
      "type": "Item",
      "private": false,
      "system": "dnd5e",
      "flags": {}
    },
    {
      "name": "race-features-srd-uk",
      "label": "Расові Вміння",
      "path": "packs/race-features.db",
      "type": "Item",
      "private": false,
      "system": "dnd5e",
      "flags": {}
    },
    {
      "name": "spells-srd-uk",
      "label": "Заклинання",
      "path": "packs/spells.db",
      "type": "Item",
      "private": false,
      "system": "dnd5e",
      "flags": {}
    },
    {
      "name": "items-srd-uk",
      "label": "Предмети",
      "path": "packs/items.db",
      "type": "Item",
      "private": false,
      "system": "dnd5e",
      "flags": {}
    },
    {
      "name": "trade-goods-srd-uk",
      "label": "Товари",
      "path": "packs/trade-goods.db",
      "type": "Item",
      "private": false,
      "system": "dnd5e",
      "flags": {}
    }
  ]
}
